descripcion,precio,titulo
,"4.544,644,4.544,4.914,5.550,4.899,4.544",Alimento Royal Canin Feline Health Nutrition Fit 32 para gato adulto sabor mix en bolsa de 7.5 kg
"AUMENTÁ TUS VENTAS CON MERCADO PAGO,Podés aceptar tarjetas sin costo de alquiler, tener el dinero en el momento.,POINT BLUETOOTH ,Recibí pagos con débito o crédito desde tu celular y ofrecé cuotas sin interés. Solo pagás una tarifa fija por cada venta y podés recibir tu dinero al instante en tu cuenta de Mercado Pago. ,¿Cómo cobrás con Point? ,Descargás la app de Mercado Pago, conectás el lector a tu celular a través de bluetooth, pasas la tarjeta ¡y listo!,CÓDIGO QR,Podés recibir pagos en el momento. Solo tenés que colocar el QR en la caja de tu comercio para empezar a cobrar con tarjetas y dinero en Mercado Pago. ,¿Cómo cobrás con QR?,Tus clientes escanean el código con las apps de Mercado Libre o Mercado Pago, ingresan el monto y te pagan con el medio de pago que prefieran.,-ACEPTÁ TARJETA ALIMENTAR ,Si sos un comercio que se dedica a la comercialización de productos alimenticios, podes aceptar la tarjeta.,>Ventas con DÉBITO ,Disponible en el momento 0,99% + IVA con QR | 3,29% +IVA con Point,En dos días 3,09% + IVA con Point,>Ventas con CRÉDITO:,¡Vos elegís cuándo y a qué precio tener tu dinero disponible!,En el momento 5,79% +IVA con QR | 5,79% +IVA con Point,En dos días 5,49% + IVA con Point,En 14 días 2,99% +IVA con QR | 3,39% +IVA con Point,En 30 días 1,29% +IVA con QR | 1,79% +IVA con Point,En 60 días 0% con QR | 0% con Point,>Ventas con DINERO EN MERCADO PAGO: ,Disponible en el momento 0,8% + IVA con QR , ,Usá nuestras herramientas de cobro en tu negocio y no pierdas ni una venta.,¿Tenés dudas? Consultá nuestras preguntas frecuentes: www.mercadopago.com.ar/ayuda,""MercadoLibre S.R.L. (Mercado Pago) ofrece servicios de pago y no está autorizado por el Banco Central a operar como entidad financiera. Los fondos acreditados en cuentas de pago no constituyen depósitos en una entidad financiera ni están garantizados conforme legislación aplicable a depósitos en entidades financieras.""","99,16",Mercado Pago Kit Point Mpos + Código Qr
,"4.740,672,4.740,4.740",Alimento Royal Canin Veterinary Diet Feline Urinary S/O para gato adulto sabor mix en bolsa de 7.5 kg
"Hermosos Gatitos Siames Bebes!!!,Hijos de Mama Siri y Papa Simba,Son puros al igual que sus Padres Mira las fotos así te das una idea de como serán,Criados en ambiente Familiar.,Se entregan desparacitados libre de enfermedades,Nacidos el 27/02/2021 a las 21:26 Hs,Son de Caracter cariñosos y juguetones,Realiza todas tus Consultas antes de Ofertar!!!,Somos de Buenos Aires Avellaneda,A partir del 13 de Abril pueden ir a su nuevo Hogar","50.000,7.090",Bebes Gatos Siameses 
,"4.778,677,4.778,5.700,4.778",Alimento Royal Canin Veterinary Diet Feline Urinary S/O High Dilution UHD 34 para gato adulto sabor mix en bolsa de 7.5 kg
"Gatos sphinx,  vacunados , desparacitados. Esterilizados con  registro y con garantia sanitaria escrita . .","150.000,25.000","Sphynx, Egipcio,  Esfinge, Gato Pelado, Sin Pelo Increibles!"
"macho de 2 meses y medio, vacunado y desparacitado garantia sanitaria escrita.","79.000,13.166","Gatito Gato Persa,himalayo Y Exotico Garantia Sanitaria+ Kit"
,"4.897,694,4.897,5.285,6.990,4.897",Alimento Royal Canin Veterinary Care Nutrition Feline Gatos Castrados Weight Control sabor mix en bolsa de 7.5 kg
"Hacemos entregas en el dia (covit 19)consulta,Desparasitada interna y externamente. Recuerde que la compra es un compromiso. LAS FOTOS SON REALES ,Se entregan a los 45 días en adelante. FOTOS DE LOS PADRES Y DE LOS GATITOS","13.500,1.914",Gatitas Y Gatitos Azul Ruso Puros
,"7.820,1.108,7.500,8.705,9.500,8.299,7.500",Alimento Royal Canin Feline Health Nutrition Fit 32 para gato adulto sabor mix en bolsa de 15 kg
"Rascador para sillón y pared la solución para q tu minino no dañe tus muebles. Realizado en madera y alfombra ,Colores disponibles : gris claro, gris oscuro , rojo, negro , chocolate y beige,Medida estándar 15x15x50, se hacen medidas a pedido,Ig ..ninaa.cats","950,158","Rascador Esquinero Para Gatos, Para Sillón Pared Y Piso"
,"2.339,331,2.339,2.731,2.339",Alimento Royal Canin Veterinary Care Nutrition Feline Gatos Castrados Weight Control sabor mix en bolsa de 3 kg
,"4.919,697,4.919,6.843,5.485,4.919",Alimento Pro Plan Kitten para gato de temprana edad sabor pollo/arroz en bolsa de 7.5 kg
"***GATOS BENGAL SPLENDOR CATS**,**********MENDOZA-ARGENTINA** ,************CRIADERO FAMILIAR** ,OFRECE,HERMOSA GATITA HEMBRA BENGALS BROWN SPOTTED ,FECHA NACIMIENTO 01/02/2021,ATENCION:,**FECHA DE ENTREGA INMEDIATA**,VACUNADA Y DESPARACITADA,PEDIGREE AFA ,ESTERILIZADA,MUY BUENA GENETICA,HERMOSO COLOR,MUY CARIÑOSA,OPORTUNIDAD !!!!,ENVIO A TODO EL PAIS,GARANTIAS SANITARIA 30 DIAS","79.900,11.330",Gato Bengal Gatita Bengali Brown Spotted Sangre Importada
"Se regalan gatitos para adopción, destetados y desparasitados","33,5",Gatitos En Adopción
"Hermosas gatitas bengales bellísimas! Únicas!! No te las pierdas!,Con libreta sanitaria,Desparasitadas y vacunadas,2 meses","119.000,16.875",Gatitos Bengal Hembritas Y Machitos Divinos Fotos Reales!
3 gatitas / os gris con blanco ...y 3 negritos / as 3meses y medio seguimiento .. se retira por mi domicilio en Gral rodriguez,"100,16",Gatitos En  Adopcion
,,
"¦••••••••••••••••••••••••••••••••••, CENTRO PET,¡El Pet Shop más completo del País!,••••••••••••••••••••••••••••••••••,¦,SERENEX,SPRAY,“Relajante para gatos”,Feromona 70 ml,*NO ES FELIWAY,Dentro de la casa: Rociar el sitio que habitualmente frecuenta el animal (almohadón, dormidero, etc.) o sobre algún elemento que con el que esté en contacto (collar, peluche, etc.). SERENEX® Spray Felinos debe ser colocado por lo menos 15 minutos antes de exponer al gato al sitio rociado. Se deben realizar entre 6 y 8 rociadas aproximadamente a 10 cm del objeto para un (1) tratamiento.,El efecto de SERENEX® Spray Felinos tiene una duración aproximada de 4 a 5 horas. En caso de volver a aplicar, recuerde tratar el objeto lejos del animal y esperar al menos 15 minutos antes de exponerlo nuevamente. Puede usarse durante todo el tiempo que desee, sin restricciones.,Para viajes, visitas al veterinario o paseos: Se seguirán las indicaciones anteriores teniendo en cuenta que el rociado se hará dentro del auto, manta o peluche que acompañe durante el viaje o en el caso de los paseos, sobre su collar o transportadora.,Nunca rociar directamente sobre el gato.,Es recomendado ante situaciones tales como:,• Adaptación al nuevo hogar (destete, adopciones),• Marcaje con orina,• Marcaje con las uñas,• Miedo a ruidos fuertes como truenos y fuegos artificiales,• Mudanza a un nuevo hogar,• Alojamiento en hotel felino,• Cambios en el entorno, como muebles nuevos o refacciones,• Nuevos visitantes en casa (sean personas o mascotas),• Visita al veterinario,• Viajes sobre todo en autos,• Conflictos con otros gatos,Precauciones:,¡No pulverizar nunca directamente sobre tu gato!,No aplicar en el poste de rascado, ¡evitaría que tu gato rascara ahí!,-¿Como funciona?,Los gatos se frotan las mejillas contra los objetos para dejar su feromona facial cuando se sienten seguros. El SERENEX Spray dispensa un vapor inodoro libre de drogas que imita las feromonas calmantes naturales de un gato. Este vapor le indica a su gato que el área es amigable y segura, reduciendo la necesidad de su gato de rociar y arañar.,CONTENIDO:,70 ML,¦,••••••••••••••••••••••••••••••••••,¿POR QUÉ ELEGIR A CENTRO PET?,••••••••••••••••••••••••••••••••••,¦,– Somos el Pet Shop más completo del pais.,– Contamos con más de 19 años de experiencia en satisfacción al cliente.,– Ofrecemos una gran variedad de marcas y productos para tu mascota y también para ti.,– Tenemos un servicio de atención al cliente personalizado.,– En nuestra página web encontraras las mejores promociones y descuentos.,¦,••••••••••••••••••••••••••••••••••,PREGUNTAS FRECUENTES:,••••••••••••••••••••••••••••••••••,¦,••••••••••••••••••••••••••••••••••,¿REALIZAN ENVÍOS?,••••••••••••••••••••••••••••••••••,¦,Realizamos Envíos a todo el país a través de los diferentes sistemas de envíos.,– MercadoEnvios,  -Rapido entrega en el dia,  -Normal a domicilio,– Correo Argentino,– Motomensajeria,– Encomienda,Son servicios tercerizados y dependemos de la disponibilidad de los prestadores del servicio.,Ten presente que la fecha de entrega y horarios son estimados y pueden variar según disposicion de los prestadores del servicio.,En la seccion de preguntas puedes consultar los detalles de cada tipo de envio.,¦,••••••••••••••••••••••••••••••••••,¿REALIZAN FACTURA?,••••••••••••••••••••••••••••••••••,Realizamos facturación electrónica A o B en todas nuestras ventas.,¦,••••••••••••••••••••••••••••••••••,¿DÓNDE SE ENCUENTRAN?,••••••••••••••••••••••••••••••••••,En Capital Federal en zona de tribunales sobre Av. Córdoba.,Estamos a dos cuadras del Subte estación Callao de la línea D.,¦,••••••••••••••••••••••••••••••••••,¿CUÁNDO PUEDO RETIRAR MI COMPRA?,••••••••••••••••••••••••••••••••••,Nuestro horario de entrega es de Lunes a Sábado de 12 a 18hrs.,No olvides contactarnos para tener preparada tu compra.,¦","3.855,546",Feromona Gatos Calmantes Spray Anti Stress Tipo Feliway
"IMPORTANTE!,- Para envíos por correo, el límite dispuesto es de 30 kg. por envío. Por favor, chequear ésta peso máximo antes de ofertar por más de un producto.,- Servicio FLEX (envío rápido) p/CABA Y Gran Bs.As.: Las entregas se realizan de lunes a viernes, entre las 13 y las 20 hs. La modalidad de entrega es de reparto, por lo que no podemos garantizar horarios de entrega específicos, ya que depende del recorrido del conductor.,SABROSITOS MIX GATOS,Dale a tu gato el balance adecuado en un delicioso alimento de pollo, carne y vegetales que aporta todos los nutrientes que necesita, además de antioxidantes, que lo ayudan a reforzar su sistemas inmune y mantener sus huesos sanos y fuertes, calcio y fósforo, que favorece a un adecuado crecimiento, y la taurina, para un corazón y una vista saludables. Un Mix perfecto para un gato perfecto.,NDICACIONES DE USO,Suministrar seco o humedecido a gatos a partir del año de vida. Si se agrega agua, leche o caldo, la proporción debe ser: una parte de líquido por dos partes de Sabrositos Gato Mix.,Brinda los niveles adecuados de aminoácidos, como la Taurina, que ayuda a prevenir la ceguera y las enfermedades del corazón.,ANÁLISIS GARANTIZADO,Proteína Bruta (Mín.) 28,00%,Extracto Etéreo (Mín.) 9,00%,Fibra Cruda (Máx.) 4,00%,Minerales Totales (Máx.) 10,00%,Calcio (Mín.) 1,20%,Calcio (Máx.) 1,70%,Fósforo (Mín.) 1,10%,Fósforo (Máx.) 1,30%,Taurina (Mín.) 0,07%,Magnesio (Mín.) 0,13%,Humedad (Máx.) 10,00%,Valor Energético:,Energía metabolizable: 3.300 Kcal/Kgs. En M.S.,REALIZAMOS FACTURA A y B.","2.550,361",Sabrositos Mix Gato Adulto X 20 Kg
,,
,,
,,
,,
,,
,,
,,
,,
,,
,,
,,
,,
,,
