Names,LinkT
Saltar al contenido,#content
,https://brexitukue.wordpress.com/
Noticias Brexit UK-UE,https://brexitukue.wordpress.com/
La opinión de los jóvenes sobre Brexit,https://brexitukue.wordpress.com/2018/01/05/la-opinion-de-los-jovenes-sobre-brexit/
brexitukue,https://brexitukue.wordpress.com/author/brexitukue/
Sin categoría,https://brexitukue.wordpress.com/category/sin-categoria/
Deja un comentario,https://brexitukue.wordpress.com/2018/01/05/la-opinion-de-los-jovenes-sobre-brexit/#respond
"5 enero, 2018",https://brexitukue.wordpress.com/2018/01/05/la-opinion-de-los-jovenes-sobre-brexit/
"Reino Unido deja la Unión Europea, ¿y ahora qué?",https://brexitukue.wordpress.com/2018/01/05/reino-unido-deja-la-union-europea-y-ahora-que/
brexitukue,https://brexitukue.wordpress.com/author/brexitukue/
Sin categoría,https://brexitukue.wordpress.com/category/sin-categoria/
Deja un comentario,https://brexitukue.wordpress.com/2018/01/05/reino-unido-deja-la-union-europea-y-ahora-que/#respond
"5 enero, 2018",https://brexitukue.wordpress.com/2018/01/05/reino-unido-deja-la-union-europea-y-ahora-que/
El Origen de una rebelión: ¿Cómo comenzó Brexit?,https://brexitukue.wordpress.com/2018/01/05/el-origen-de-una-rebelion-como-comenzo-brexit/
brexitukue,https://brexitukue.wordpress.com/author/brexitukue/
Sin categoría,https://brexitukue.wordpress.com/category/sin-categoria/
Deja un comentario,https://brexitukue.wordpress.com/2018/01/05/el-origen-de-una-rebelion-como-comenzo-brexit/#respond
"5 enero, 2018",https://brexitukue.wordpress.com/2018/01/05/el-origen-de-una-rebelion-como-comenzo-brexit/
Brexit y Grexit tienen el mismo origen,https://brexitukue.wordpress.com/2018/01/05/brexit-y-grexit-tienen-el-mismo-origen/
brexitukue,https://brexitukue.wordpress.com/author/brexitukue/
Sin categoría,https://brexitukue.wordpress.com/category/sin-categoria/
Deja un comentario,https://brexitukue.wordpress.com/2018/01/05/brexit-y-grexit-tienen-el-mismo-origen/#respond
"5 enero, 2018",https://brexitukue.wordpress.com/2018/01/05/brexit-y-grexit-tienen-el-mismo-origen/
"Brexit vs Bremain, el éxito de los medios",https://brexitukue.wordpress.com/2018/01/05/brexit-vs-bremain-el-exito-de-los-medios/
brexitukue,https://brexitukue.wordpress.com/author/brexitukue/
Sin categoría,https://brexitukue.wordpress.com/category/sin-categoria/
Deja un comentario,https://brexitukue.wordpress.com/2018/01/05/brexit-vs-bremain-el-exito-de-los-medios/#respond
"5 enero, 2018",https://brexitukue.wordpress.com/2018/01/05/brexit-vs-bremain-el-exito-de-los-medios/
Analisis de datos en Python con Pandas : caso “Brexit de UK,https://www.aprenderpython.net/analisis-datos-python-pandas-caso-brexit-uk/
Sitio web ofrecido por WordPress.com,https://wordpress.com/?ref=footer_custom_powered
